Formula_Name,Param_0,Param_1,Param_2,Param_3,Param_4,Param_5,Param_6,Param_7,Param_8,Param_9,Param_10,Param_11,Param_12,Param_13,Param_14,Param_15,Param_16,Param_17,Param_18,Param_19,Param_20,Param_21,Param_22,Param_23,Param_24,Param_25,Param_26,Param_27,Param_28,Param_29,Param_30,Param_31,Param_32,Param_33,Param_34,Param_35,Param_36,Param_37,Param_38,Param_39,Param_40,Param_41,Param_42,Param_43,Param_44,Param_45,Param_46,Param_47,Param_48,Param_49,Param_50,Param_51,Param_52,Param_53,Param_54,Param_55,Param_56,Param_57,Param_58,Param_59,Param_60,Param_61,Param_62,Param_63,Param_64,Param_65,Param_66,Param_67,Param_68,Param_69,Param_70,Param_71,Param_72,Param_73,Param_74,Param_75
DmgTier1,1.0,2.0,2.0,2.0,2.0,2.0,2.0,2.0,2.0,2.0,2.0,2.0,2.0,2.0,2.0,2.0,2.0,2.0,2.799999952316284,3.3399999141693115,3.9600000381469727,4.650000095367432,5.389999866485596,6.21999979019165,7.150000095367432,8.319999694824219,9.630000114440918,11.100000381469727,12.739999771118164,14.390000343322754,17.600000381469727,20.3700008392334,23.010000228881836,25.8700008392334,28.979999542236328,32.33000183105469,36.290000915527344,41.52000045776367,47.2599983215332,53.52000045776367,60.349998474121094,67.51000213623047,75.25,84.45999908447266,94.41000366210938,105.16000366210938,118.02999877929688,132.08999633789062,150.72000122070312,176.42999267578125,204.36000061035156,245.08999633789062,292.3599853515625,344.1499938964844,400.75,462.489990234375,534.780029296875,616.969970703125,708.4099731445312,807.9299926757812,947.219970703125,1238.6500244140625,1601.18994140625,2020.1600341796875,2644.199951171875,3170.159912109375,3670.280029296875,4212.259765625,4797.39013671875,5427.02001953125,6102.490234375,0.0,0.0,0.0,0.0,0.0
DmgTier2,1.0,2.0,2.0,2.0,2.0,2.0,2.0,2.0,2.0,2.0,2.0,2.0,2.0,2.0,2.0,2.0,2.0,2.0,2.799999952316284,3.3399999141693115,3.9600000381469727,4.650000095367432,5.389999866485596,6.21999979019165,7.150000095367432,8.319999694824219,9.630000114440918,11.100000381469727,12.739999771118164,14.390000343322754,17.600000381469727,20.3700008392334,23.010000228881836,25.8700008392334,28.979999542236328,32.33000183105469,36.290000915527344,41.52000045776367,47.2599983215332,53.52000045776367,60.349998474121094,67.51000213623047,75.25,84.45999908447266,94.41000366210938,105.16000366210938,118.02999877929688,132.08999633789062,150.72000122070312,176.42999267578125,204.36000061035156,245.08999633789062,292.3599853515625,344.1499938964844,400.75,462.489990234375,534.780029296875,616.969970703125,708.4099731445312,807.9299926757812,947.219970703125,72.80960845947266,74.62985229492188,76.49559783935547,78.40798950195312,80.3681869506836,82.37740325927734,84.43682861328125,86.5477523803711,88.71144104003906,90.92922973632812,0.0,0.0,0.0,0.0,0.0
DmgTier3,1.0,2.0,2.0,2.0,2.0,2.0,2.0,2.0,2.0,2.0,2.0,2.0,2.0,2.0,2.0,2.0,2.0,2.0,2.799999952316284,3.3399999141693115,3.9600000381469727,4.650000095367432,5.389999866485596,6.21999979019165,7.150000095367432,8.319999694824219,9.630000114440918,11.100000381469727,12.739999771118164,14.390000343322754,17.600000381469727,20.3700008392334,23.010000228881836,25.8700008392334,28.979999542236328,32.33000183105469,36.290000915527344,41.52000045776367,47.2599983215332,53.52000045776367,60.349998474121094,67.51000213623047,75.25,84.45999908447266,94.41000366210938,105.16000366210938,118.02999877929688,132.08999633789062,150.72000122070312,176.42999267578125,204.36000061035156,245.08999633789062,292.3599853515625,344.1499938964844,400.75,462.489990234375,534.780029296875,616.969970703125,708.4099731445312,807.9299926757812,947.219970703125,72.80960845947266,74.62985229492188,76.49559783935547,78.40798950195312,80.3681869506836,82.37740325927734,84.43682861328125,86.5477523803711,88.71144104003906,90.92922973632812,0.0,0.0,0.0,0.0,0.0
DmgTier4,1.0,2.0,2.0,2.0,2.0,2.0,2.0,2.0,2.0,2.0,2.0,2.0,2.0,2.0,2.0,2.0,2.0,2.0,2.799999952316284,3.3399999141693115,3.9600000381469727,4.650000095367432,5.389999866485596,6.21999979019165,7.150000095367432,8.319999694824219,9.630000114440918,11.100000381469727,12.739999771118164,14.390000343322754,17.600000381469727,20.3700008392334,23.010000228881836,25.8700008392334,28.979999542236328,32.33000183105469,36.290000915527344,41.52000045776367,47.2599983215332,53.52000045776367,60.349998474121094,67.51000213623047,75.25,84.45999908447266,94.41000366210938,105.16000366210938,118.02999877929688,132.08999633789062,150.72000122070312,176.42999267578125,204.36000061035156,245.08999633789062,292.3599853515625,344.1499938964844,400.75,462.489990234375,534.780029296875,616.969970703125,708.4099731445312,807.9299926757812,947.219970703125,72.80960845947266,74.62985229492188,76.49559783935547,78.40798950195312,80.3681869506836,82.37740325927734,84.43682861328125,86.5477523803711,88.71144104003906,90.92922973632812,0.0,0.0,0.0,0.0,0.0
DmgTier5,1.0,2.0,2.0,2.0,2.0,2.0,2.0,2.0,2.0,2.0,2.0,2.0,2.0,2.0,2.0,2.0,2.0,2.0,2.799999952316284,3.3399999141693115,3.9600000381469727,4.650000095367432,5.389999866485596,6.21999979019165,7.150000095367432,8.319999694824219,9.630000114440918,11.100000381469727,12.739999771118164,14.390000343322754,17.600000381469727,20.3700008392334,23.010000228881836,25.8700008392334,28.979999542236328,32.33000183105469,36.290000915527344,41.52000045776367,47.2599983215332,53.52000045776367,60.349998474121094,67.51000213623047,75.25,84.45999908447266,94.41000366210938,105.16000366210938,118.02999877929688,132.08999633789062,150.72000122070312,176.42999267578125,204.36000061035156,245.08999633789062,292.3599853515625,344.1499938964844,400.75,462.489990234375,534.780029296875,616.969970703125,708.4099731445312,807.9299926757812,947.219970703125,72.80960845947266,74.62985229492188,76.49559783935547,78.40798950195312,80.3681869506836,82.37740325927734,84.43682861328125,86.5477523803711,88.71144104003906,90.92922973632812,0.0,0.0,0.0,0.0,0.0
DmgTier6,1.0,2.0,2.0,2.0,2.0,2.0,2.0,2.0,2.0,2.0,2.0,2.0,2.0,2.0,2.0,2.0,2.0,2.0,2.799999952316284,3.3399999141693115,3.9600000381469727,4.650000095367432,5.389999866485596,6.21999979019165,7.150000095367432,8.319999694824219,9.630000114440918,11.100000381469727,12.739999771118164,14.390000343322754,17.600000381469727,20.3700008392334,23.010000228881836,25.8700008392334,28.979999542236328,32.33000183105469,36.290000915527344,41.52000045776367,47.2599983215332,53.52000045776367,60.349998474121094,67.51000213623047,75.25,84.45999908447266,94.41000366210938,105.16000366210938,118.02999877929688,132.08999633789062,150.72000122070312,176.42999267578125,204.36000061035156,245.08999633789062,292.3599853515625,344.1499938964844,400.75,462.489990234375,534.780029296875,616.969970703125,708.4099731445312,807.9299926757812,947.219970703125,72.80960845947266,74.62985229492188,76.49559783935547,78.40798950195312,80.3681869506836,82.37740325927734,84.43682861328125,86.5477523803711,88.71144104003906,90.92922973632812,0.0,0.0,0.0,0.0,0.0
DmgTier7,1.0,2.0,2.0,2.0,2.0,2.0,2.0,2.0,2.0,2.0,2.0,2.0,2.0,2.0,2.0,2.0,2.0,2.0,2.799999952316284,3.3399999141693115,3.9600000381469727,4.650000095367432,5.389999866485596,6.21999979019165,7.150000095367432,8.319999694824219,9.630000114440918,11.100000381469727,12.739999771118164,14.390000343322754,17.600000381469727,20.3700008392334,23.010000228881836,25.8700008392334,28.979999542236328,32.33000183105469,36.290000915527344,41.52000045776367,47.2599983215332,53.52000045776367,60.349998474121094,67.51000213623047,75.25,84.45999908447266,94.41000366210938,105.16000366210938,118.02999877929688,132.08999633789062,150.72000122070312,176.42999267578125,204.36000061035156,245.08999633789062,292.3599853515625,344.1499938964844,400.75,462.489990234375,534.780029296875,616.969970703125,708.4099731445312,807.9299926757812,947.219970703125,72.80960845947266,74.62985229492188,76.49559783935547,78.40798950195312,80.3681869506836,82.37740325927734,84.43682861328125,86.5477523803711,88.71144104003906,90.92922973632812,0.0,0.0,0.0,0.0,0.0
Healing,1.0,390.0,452.0,514.0,577.0,639.0,708.0,787.0,878.0,984.0,1133.0,1318.0,1549.0,1814.0,2113.0,2449.0,2781.0,3233.0,3680.0,4164.0,4685.0,5244.0,5839.0,6472.0,7141.0,7848.0,8409.0,8852.0,9294.0,9734.0,10171.0,10589.0,11002.0,11409.0,11809.0,12201.0,13934.0,15895.0,17964.0,20137.0,22408.0,24773.0,27225.0,29758.0,32365.0,35391.0,38531.0,41779.0,45128.0,48570.0,54062.0,58706.0,63481.0,68374.0,73366.0,78442.0,83582.0,88766.0,94241.0,99727.0,107346.0,131606.0,158785.0,189016.0,225605.0,262662.0,308324.0,358350.0,412921.0,472217.0,536421.0,0.0,0.0,0.0,0.0,0.0
WDCost,100.0,100.0,100.0,100.0,100.0,100.0,100.0,100.0,100.0,100.0,100.0,100.0,100.0,100.0,100.0,100.0,100.0,100.0,100.0,100.0,100.0,100.0,100.0,100.0,100.0,100.0,100.0,100.0,100.0,100.0,100.0,100.0,100.0,100.0,100.0,100.0,100.0,100.0,100.0,100.0,100.0,100.0,100.0,100.0,100.0,100.0,100.0,100.0,100.0,100.0,100.0,100.0,100.0,100.0,100.0,100.0,100.0,100.0,100.0,100.0,100.0,100.0,100.0,100.0,100.0,100.0,100.0,100.0,100.0,100.0,100.0,0.0,0.0,0.0,0.0,0.0
RuneDamageBonus,1.0,1.149999976158142,1.2000000476837158,1.25,1.2999999523162842,1.350000023841858,1.399999976158142,1.4500000476837158,0.0,0.0,0.0,0.0,0.0,0.0,0.0,0.0,0.0,0.0,0.0,0.0,0.0,0.0,0.0,0.0,0.0,0.0,0.0,0.0,0.0,0.0,0.0,0.0,0.0,0.0,0.0,0.0,0.0,0.0,0.0,0.0,0.0,0.0,0.0,0.0,0.0,0.0,0.0,0.0,0.0,0.0,0.0,0.0,0.0,0.0,0.0,0.0,0.0,0.0,0.0,0.0,0.0,0.0,0.0,0.0,0.0,0.0,0.0,0.0,0.0,0.0,0.0,0.0,0.0,0.0,0.0,0.0
PvPAvgPrimaryStat,11.0,11.0,13.0,15.0,17.0,19.0,21.0,23.0,25.0,27.0,29.0,31.21666717529297,33.86666488647461,37.599998474121094,42.20000076293945,47.79166793823242,54.375,61.95000076293945,70.51667022705078,80.07499694824219,90.625,102.16666412353516,114.69999694824219,128.22500610351562,142.74166870117188,158.25,174.75,192.24166870117188,210.72500610351562,230.1999969482422,250.6666717529297,288.7833251953125,304.07000732421875,319.5799865722656,335.3133239746094,346.11334228515625,357.04998779296875,368.1233215332031,379.3333435058594,390.67999267578125,402.163330078125,413.7833251953125,425.5400085449219,437.4333190917969,449.4633483886719,461.6300048828125,473.9333190917969,486.3733215332031,498.95001220703125,511.663330078125,524.5133056640625,578.4500122070312,592.2233276367188,606.1333618164062,620.1799926757812,634.3633422851562,648.683349609375,663.1400146484375,689.6333618164062,716.6133422851562,736.969970703125,0.0,0.0,0.0,0.0,0.0,0.0,0.0,0.0,0.0,0.0,0.0,0.0,0.0,0.0,0.0
PvPAvgVitality,11.0,11.0,13.0,15.0,17.0,19.0,21.0,23.0,25.0,27.0,29.0,31.21666717529297,33.86666488647461,37.599998474121094,42.20000076293945,47.79166793823242,54.375,61.95000076293945,70.51667022705078,80.07499694824219,90.625,102.16666412353516,114.69999694824219,128.22500610351562,142.74166870117188,158.25,174.75,192.24166870117188,210.72500610351562,230.1999969482422,250.6666717529297,288.7833251953125,304.07000732421875,319.5799865722656,335.3133239746094,346.11334228515625,392.7550048828125,441.74798583984375,493.1333312988281,546.9520263671875,603.2449951171875,662.0533447265625,723.4180297851562,787.3800048828125,853.9803466796875,923.260009765625,995.260009765625,1070.0213623046875,1147.5849609375,1227.991943359375,1311.2833251953125,1503.969970703125,1599.0030517578125,1697.17333984375,1798.52197265625,1903.0899658203125,2010.9183349609375,2122.048095703125,2275.7900390625,2436.4853515625,2579.39501953125,0.0,0.0,0.0,0.0,0.0,0.0,0.0,0.0,0.0,0.0,0.0,0.0,0.0,0.0,0.0
PvPAvgArmor,10.0,10.0,10.0,20.0,30.0,40.0,70.0,100.0,130.0,160.0,190.0,220.0,240.0,260.0,280.0,300.0,320.0,340.0,360.0,380.0,400.0,420.0,440.0,460.0,480.0,500.0,520.0,540.0,560.0,580.0,600.0,640.0,680.0,720.0,760.0,800.0,840.0,880.0,920.0,960.0,1000.0,1040.0,1080.0,1120.0,1160.0,1200.0,1240.0,1280.0,1320.0,1360.0,1400.0,1500.0,1600.0,1700.0,1800.0,1900.0,2000.0,2100.0,2200.0,2300.0,2400.0,0.0,0.0,0.0,0.0,0.0,0.0,0.0,0.0,0.0,0.0,0.0,0.0,0.0,0.0,0.0
PvPAvgWeaponDPS,4.0,4.0,5.75,6.900000095367432,8.371999740600586,9.843999862670898,11.47700023651123,13.109999656677246,14.743000030517578,16.375999450683594,17.721500396728516,19.066999435424805,20.412500381469727,21.757999420166016,23.391000747680664,25.02400016784668,26.656999588012695,28.290000915527344,29.92300033569336,31.555999755859375,33.18899917602539,34.821998596191406,36.45500183105469,38.0880012512207,39.72100067138672,41.354000091552734,42.98699951171875,44.619998931884766,46.25299835205078,47.88600158691406,53.54399871826172,64.03199768066406,67.86150360107422,71.78587341308594,75.80986785888672,79.93846130371094,84.17688751220703,88.53063201904297,93.00546264648438,97.60743713378906,102.34290313720703,107.21855163574219,112.24137878417969,117.41874694824219,122.75838470458984,128.26840209960938,133.9573211669922,139.83409118652344,145.90809631347656,152.18919372558594,158.68775939941406,189.20753479003906,212.63629150390625,231.31809997558594,250.29000854492188,269.5664978027344,289.162841796875,309.094970703125,329.3797302246094,350.0346984863281,364.6384582519531,0.0,0.0,0.0,0.0,0.0,0.0,0.0,0.0,0.0,0.0,0.0,0.0,0.0,0.0,0.0
LegendaryProcDmg,1.0,4.0,5.75,6.900000095367432,8.371999740600586,9.843999862670898,11.47700023651123,13.109999656677246,14.743000030517578,16.375999450683594,18.009000778198242,19.642000198364258,21.274999618530273,22.908000946044922,24.541000366210938,26.173999786376953,27.80699920654297,29.440000534057617,31.072999954223633,32.70600128173828,34.3390007019043,35.97200012207031,37.60499954223633,39.237998962402344,40.87099838256836,42.50400161743164,44.137001037597656,45.77000045776367,47.40299987792969,49.0359992980957,54.694000244140625,65.93000030517578,69.85099792480469,73.8759994506836,78.00499725341797,82.24800109863281,86.59500122070312,91.06900024414062,95.68000030517578,100.41000366210938,105.27999877929688,110.30999755859375,115.4800033569336,120.83000183105469,126.33999633789062,132.02000427246094,137.89999389648438,143.97999572753906,150.25999450683594,156.75999450683594,168.27999877929688,199.75999450683594,218.44000244140625,237.41000366210938,256.69000244140625,276.2900085449219,296.2200012207031,316.5,337.1600036621094,358.20001220703125,1265.0999755859375,1334.0,1406.9000244140625,1484.5,1567.4000244140625,1696.800048828125,1833.199951171875,2138.699951171875,2453.699951171875,2940.39990234375,3520.0,4150.0,4150.0,4150.0,0.0,0.0
OffhandDmgMinMin,1.0,1.0,1.0,1.0,1.0,1.0,1.0,1.0,1.0,1.0,1.0,1.0,2.0,2.0,2.0,2.0,2.0,2.0,2.0,2.0,3.0,3.0,3.0,3.0,3.0,3.0,3.0,3.0,4.0,4.0,4.0,5.0,5.0,6.0,6.0,6.0,6.0,7.0,7.0,7.0,8.0,8.0,9.0,9.0,9.0,10.0,10.0,11.0,11.0,12.0,13.0,15.0,16.0,18.0,19.0,21.0,22.0,24.0,25.0,27.0,94.0,99.0,105.0,111.0,117.0,126.0,137.0,159.0,183.0,219.0,262.0,340.0,407.0,407.0,0.0,0.0
OffhandDmgMinMax,1.0,1.0,1.0,1.0,1.0,1.0,1.0,1.0,1.0,2.0,2.0,2.0,2.0,2.0,2.0,2.0,3.0,3.0,3.0,3.0,3.0,3.0,4.0,4.0,4.0,4.0,4.0,4.0,4.0,5.0,5.0,6.0,7.0,7.0,7.0,8.0,8.0,8.0,9.0,9.0,10.0,10.0,11.0,11.0,12.0,12.0,13.0,13.0,14.0,15.0,16.0,19.0,20.0,22.0,24.0,26.0,28.0,29.0,31.0,33.0,118.0,124.0,131.0,138.0,146.0,158.0,171.0,199.0,229.0,274.0,328.0,370.0,485.0,485.0,0.0,0.0
OffhandDmgDeltaMin,1.0,1.0,1.0,1.0,1.0,1.0,1.0,1.0,1.0,1.0,1.0,1.0,1.0,1.0,1.0,1.0,1.0,1.0,1.0,1.0,1.0,1.0,1.0,1.0,1.0,1.0,1.0,1.0,1.0,1.0,1.0,1.0,1.0,1.0,1.0,1.0,1.0,1.0,1.0,1.0,1.0,1.0,1.0,1.0,1.0,1.0,1.0,1.0,1.0,1.0,1.0,1.0,1.0,1.0,1.0,1.0,1.0,1.0,1.0,1.0,1.0,1.0,1.0,1.0,1.0,1.0,1.0,1.0,1.0,1.0,1.0,40.0,88.0,88.0,0.0,0.0
OffhandDmgDeltaMax,1.0,1.0,1.0,1.0,1.0,1.0,1.0,1.0,1.0,1.0,1.0,1.0,1.0,1.0,1.0,1.0,1.0,1.0,1.0,1.0,1.0,1.0,1.0,1.0,1.0,1.0,1.0,1.0,1.0,1.0,1.0,1.0,1.0,1.0,1.0,2.0,2.0,2.0,2.0,2.0,2.0,2.0,2.0,2.0,2.0,2.0,3.0,3.0,3.0,3.0,3.0,4.0,4.0,4.0,5.0,5.0,6.0,6.0,6.0,7.0,24.0,25.0,26.0,28.0,29.0,32.0,34.0,40.0,46.0,55.0,66.0,80.0,115.0,115.0,0.0,0.0
ShieldBlockMinMin,7.0,6.0,6.0,7.0,8.0,9.0,11.0,12.0,13.0,15.0,18.0,21.0,26.0,31.0,36.0,42.0,49.0,57.0,65.0,74.0,83.0,94.0,103.0,113.0,124.0,134.0,146.0,158.0,170.0,183.0,196.0,209.0,218.0,227.0,236.0,245.0,281.0,322.0,367.0,413.0,463.0,516.0,571.0,629.0,690.0,753.0,830.0,911.0,996.0,1098.0,1181.0,1281.0,1386.0,1496.0,1611.0,1732.0,1858.0,1990.0,2134.0,2285.0,2443.0,2997.0,3680.0,4441.0,5598.0,6465.0,7529.0,8682.0,9925.0,11263.0,12696.0,17000.0,20900.0,20900.0,0.0,0.0
ShieldBlockMinMax,7.0,7.0,8.0,9.0,11.0,12.0,13.0,15.0,17.0,19.0,23.0,27.0,32.0,38.0,45.0,53.0,62.0,71.0,81.0,92.0,104.0,117.0,129.0,142.0,155.0,168.0,182.0,197.0,212.0,228.0,245.0,262.0,273.0,284.0,295.0,306.0,351.0,403.0,458.0,517.0,579.0,645.0,714.0,786.0,862.0,942.0,1037.0,1138.0,1245.0,1373.0,1476.0,1601.0,1732.0,1870.0,2014.0,2165.0,2323.0,2488.0,2668.0,2857.0,3053.0,3747.0,4600.0,5552.0,6997.0,8081.0,9411.0,10852.0,12407.0,14079.0,15870.0,19000.0,25000.0,25000.0,0.0,0.0
ShieldBlockDeltaMin,1.0,1.0,1.0,1.0,1.0,1.0,2.0,2.0,2.0,3.0,3.0,4.0,5.0,6.0,7.0,8.0,9.0,11.0,13.0,14.0,16.0,18.0,20.0,22.0,24.0,26.0,29.0,31.0,34.0,36.0,39.0,41.0,43.0,45.0,47.0,49.0,56.0,64.0,73.0,82.0,92.0,103.0,114.0,125.0,138.0,150.0,166.0,182.0,199.0,219.0,236.0,256.0,277.0,299.0,322.0,346.0,371.0,398.0,426.0,457.0,488.0,599.0,736.0,888.0,1119.0,1293.0,1505.0,1736.0,1985.0,2252.0,2539.0,4000.0,6600.0,6600.0,0.0,0.0
ShieldBlockDeltaMax,1.0,2.0,3.0,3.0,4.0,4.0,5.0,6.0,6.0,7.0,9.0,10.0,12.0,15.0,18.0,21.0,24.0,28.0,32.0,36.0,41.0,46.0,51.0,56.0,62.0,67.0,72.0,78.0,84.0,91.0,98.0,104.0,109.0,113.0,118.0,122.0,140.0,161.0,183.0,206.0,231.0,258.0,285.0,314.0,344.0,376.0,414.0,455.0,498.0,549.0,590.0,640.0,692.0,748.0,805.0,866.0,929.0,995.0,1067.0,1142.0,1221.0,1498.0,1840.0,2220.0,2798.0,3232.0,3764.0,4340.0,4962.0,5631.0,6348.0,6000.0,7800.0,7800.0,0.0,0.0
